{
  "replace": false,
  "values": [
    {
      "id": "additionalplacements:minecraft.oxidized_cut_copper_stairs",
      "required": false
    },
    {
      "id": "additionalplacements:minecraft.weathered_cut_copper_stairs",
      "required": false
    },
    {
      "id": "additionalplacements:minecraft.exposed_cut_copper_stairs",
      "required": false
    },
    {
      "id": "additionalplacements:minecraft.cut_copper_stairs",
      "required": false
    },
    {
      "id": "additionalplacements:minecraft.oxidized_cut_copper_slab",
      "required": false
    },
    {
      "id": "additionalplacements:minecraft.weathered_cut_copper_slab",
      "required": false
    },
    {
      "id": "additionalplacements:minecraft.exposed_cut_copper_slab",
      "required": false
    },
    {
      "id": "additionalplacements:minecraft.cut_copper_slab",
      "required": false
    },
    {
      "id": "additionalplacements:minecraft.waxed_oxidized_cut_copper_stairs",
      "required": false
    },
    {
      "id": "additionalplacements:minecraft.waxed_weathered_cut_copper_stairs",
      "required": false
    },
    {
      "id": "additionalplacements:minecraft.waxed_exposed_cut_copper_stairs",
      "required": false
    },
    {
      "id": "additionalplacements:minecraft.waxed_cut_copper_stairs",
      "required": false
    },
    {
      "id": "additionalplacements:minecraft.waxed_oxidized_cut_copper_slab",
      "required": false
    },
    {
      "id": "additionalplacements:minecraft.waxed_weathered_cut_copper_slab",
      "required": false
    },
    {
      "id": "additionalplacements:minecraft.waxed_exposed_cut_copper_slab",
      "required": false
    },
    {
      "id": "additionalplacements:minecraft.waxed_cut_copper_slab",
      "required": false
    }
  ]
}