{
  "replace": false,
  "values": [
    {
      "id": "additionalplacements:minecraft.oak_stairs",
      "required": false
    },
    {
      "id": "additionalplacements:minecraft.oak_pressure_plate",
      "required": false
    },
    {
      "id": "additionalplacements:minecraft.spruce_pressure_plate",
      "required": false
    },
    {
      "id": "additionalplacements:minecraft.birch_pressure_plate",
      "required": false
    },
    {
      "id": "additionalplacements:minecraft.jungle_pressure_plate",
      "required": false
    },
    {
      "id": "additionalplacements:minecraft.acacia_pressure_plate",
      "required": false
    },
    {
      "id": "additionalplacements:minecraft.cherry_pressure_plate",
      "required": false
    },
    {
      "id": "additionalplacements:minecraft.dark_oak_pressure_plate",
      "required": false
    },
    {
      "id": "additionalplacements:minecraft.mangrove_pressure_plate",
      "required": false
    },
    {
      "id": "additionalplacements:minecraft.bamboo_pressure_plate",
      "required": false
    },
    {
      "id": "additionalplacements:minecraft.spruce_stairs",
      "required": false
    },
    {
      "id": "additionalplacements:minecraft.birch_stairs",
      "required": false
    },
    {
      "id": "additionalplacements:minecraft.jungle_stairs",
      "required": false
    },
    {
      "id": "additionalplacements:minecraft.acacia_stairs",
      "required": false
    },
    {
      "id": "additionalplacements:minecraft.cherry_stairs",
      "required": false
    },
    {
      "id": "additionalplacements:minecraft.dark_oak_stairs",
      "required": false
    },
    {
      "id": "additionalplacements:minecraft.mangrove_stairs",
      "required": false
    },
    {
      "id": "additionalplacements:minecraft.bamboo_stairs",
      "required": false
    },
    {
      "id": "additionalplacements:minecraft.bamboo_mosaic_stairs",
      "required": false
    },
    {
      "id": "additionalplacements:minecraft.oak_slab",
      "required": false
    },
    {
      "id": "additionalplacements:minecraft.spruce_slab",
      "required": false
    },
    {
      "id": "additionalplacements:minecraft.birch_slab",
      "required": false
    },
    {
      "id": "additionalplacements:minecraft.jungle_slab",
      "required": false
    },
    {
      "id": "additionalplacements:minecraft.acacia_slab",
      "required": false
    },
    {
      "id": "additionalplacements:minecraft.cherry_slab",
      "required": false
    },
    {
      "id": "additionalplacements:minecraft.dark_oak_slab",
      "required": false
    },
    {
      "id": "additionalplacements:minecraft.mangrove_slab",
      "required": false
    },
    {
      "id": "additionalplacements:minecraft.bamboo_slab",
      "required": false
    },
    {
      "id": "additionalplacements:minecraft.bamboo_mosaic_slab",
      "required": false
    },
    {
      "id": "additionalplacements:minecraft.crimson_slab",
      "required": false
    },
    {
      "id": "additionalplacements:minecraft.warped_slab",
      "required": false
    },
    {
      "id": "additionalplacements:minecraft.crimson_pressure_plate",
      "required": false
    },
    {
      "id": "additionalplacements:minecraft.warped_pressure_plate",
      "required": false
    },
    {
      "id": "additionalplacements:minecraft.crimson_stairs",
      "required": false
    },
    {
      "id": "additionalplacements:minecraft.warped_stairs",
      "required": false
    }
  ]
}