{
  "replace": false,
  "values": [
    {
      "id": "additionalplacements:minecraft.cobblestone_stairs",
      "required": false
    },
    {
      "id": "additionalplacements:minecraft.stone_pressure_plate",
      "required": false
    },
    {
      "id": "additionalplacements:minecraft.brick_stairs",
      "required": false
    },
    {
      "id": "additionalplacements:minecraft.stone_brick_stairs",
      "required": false
    },
    {
      "id": "additionalplacements:minecraft.mud_brick_stairs",
      "required": false
    },
    {
      "id": "additionalplacements:minecraft.nether_brick_stairs",
      "required": false
    },
    {
      "id": "additionalplacements:minecraft.sandstone_stairs",
      "required": false
    },
    {
      "id": "additionalplacements:minecraft.light_weighted_pressure_plate",
      "required": false
    },
    {
      "id": "additionalplacements:minecraft.heavy_weighted_pressure_plate",
      "required": false
    },
    {
      "id": "additionalplacements:minecraft.quartz_stairs",
      "required": false
    },
    {
      "id": "additionalplacements:minecraft.prismarine_stairs",
      "required": false
    },
    {
      "id": "additionalplacements:minecraft.prismarine_brick_stairs",
      "required": false
    },
    {
      "id": "additionalplacements:minecraft.dark_prismarine_stairs",
      "required": false
    },
    {
      "id": "additionalplacements:minecraft.prismarine_slab",
      "required": false
    },
    {
      "id": "additionalplacements:minecraft.prismarine_brick_slab",
      "required": false
    },
    {
      "id": "additionalplacements:minecraft.dark_prismarine_slab",
      "required": false
    },
    {
      "id": "additionalplacements:minecraft.red_sandstone_stairs",
      "required": false
    },
    {
      "id": "additionalplacements:minecraft.stone_slab",
      "required": false
    },
    {
      "id": "additionalplacements:minecraft.smooth_stone_slab",
      "required": false
    },
    {
      "id": "additionalplacements:minecraft.sandstone_slab",
      "required": false
    },
    {
      "id": "additionalplacements:minecraft.cut_sandstone_slab",
      "required": false
    },
    {
      "id": "additionalplacements:minecraft.petrified_oak_slab",
      "required": false
    },
    {
      "id": "additionalplacements:minecraft.cobblestone_slab",
      "required": false
    },
    {
      "id": "additionalplacements:minecraft.brick_slab",
      "required": false
    },
    {
      "id": "additionalplacements:minecraft.stone_brick_slab",
      "required": false
    },
    {
      "id": "additionalplacements:minecraft.mud_brick_slab",
      "required": false
    },
    {
      "id": "additionalplacements:minecraft.nether_brick_slab",
      "required": false
    },
    {
      "id": "additionalplacements:minecraft.quartz_slab",
      "required": false
    },
    {
      "id": "additionalplacements:minecraft.red_sandstone_slab",
      "required": false
    },
    {
      "id": "additionalplacements:minecraft.cut_red_sandstone_slab",
      "required": false
    },
    {
      "id": "additionalplacements:minecraft.purpur_slab",
      "required": false
    },
    {
      "id": "additionalplacements:minecraft.purpur_stairs",
      "required": false
    },
    {
      "id": "additionalplacements:minecraft.polished_granite_stairs",
      "required": false
    },
    {
      "id": "additionalplacements:minecraft.smooth_red_sandstone_stairs",
      "required": false
    },
    {
      "id": "additionalplacements:minecraft.mossy_stone_brick_stairs",
      "required": false
    },
    {
      "id": "additionalplacements:minecraft.polished_diorite_stairs",
      "required": false
    },
    {
      "id": "additionalplacements:minecraft.mossy_cobblestone_stairs",
      "required": false
    },
    {
      "id": "additionalplacements:minecraft.end_stone_brick_stairs",
      "required": false
    },
    {
      "id": "additionalplacements:minecraft.stone_stairs",
      "required": false
    },
    {
      "id": "additionalplacements:minecraft.smooth_sandstone_stairs",
      "required": false
    },
    {
      "id": "additionalplacements:minecraft.smooth_quartz_stairs",
      "required": false
    },
    {
      "id": "additionalplacements:minecraft.granite_stairs",
      "required": false
    },
    {
      "id": "additionalplacements:minecraft.andesite_stairs",
      "required": false
    },
    {
      "id": "additionalplacements:minecraft.red_nether_brick_stairs",
      "required": false
    },
    {
      "id": "additionalplacements:minecraft.polished_andesite_stairs",
      "required": false
    },
    {
      "id": "additionalplacements:minecraft.diorite_stairs",
      "required": false
    },
    {
      "id": "additionalplacements:minecraft.polished_granite_slab",
      "required": false
    },
    {
      "id": "additionalplacements:minecraft.smooth_red_sandstone_slab",
      "required": false
    },
    {
      "id": "additionalplacements:minecraft.mossy_stone_brick_slab",
      "required": false
    },
    {
      "id": "additionalplacements:minecraft.polished_diorite_slab",
      "required": false
    },
    {
      "id": "additionalplacements:minecraft.mossy_cobblestone_slab",
      "required": false
    },
    {
      "id": "additionalplacements:minecraft.end_stone_brick_slab",
      "required": false
    },
    {
      "id": "additionalplacements:minecraft.smooth_sandstone_slab",
      "required": false
    },
    {
      "id": "additionalplacements:minecraft.smooth_quartz_slab",
      "required": false
    },
    {
      "id": "additionalplacements:minecraft.granite_slab",
      "required": false
    },
    {
      "id": "additionalplacements:minecraft.andesite_slab",
      "required": false
    },
    {
      "id": "additionalplacements:minecraft.red_nether_brick_slab",
      "required": false
    },
    {
      "id": "additionalplacements:minecraft.polished_andesite_slab",
      "required": false
    },
    {
      "id": "additionalplacements:minecraft.diorite_slab",
      "required": false
    },
    {
      "id": "additionalplacements:minecraft.blackstone_stairs",
      "required": false
    },
    {
      "id": "additionalplacements:minecraft.blackstone_slab",
      "required": false
    },
    {
      "id": "additionalplacements:minecraft.polished_blackstone_brick_slab",
      "required": false
    },
    {
      "id": "additionalplacements:minecraft.polished_blackstone_brick_stairs",
      "required": false
    },
    {
      "id": "additionalplacements:minecraft.polished_blackstone_stairs",
      "required": false
    },
    {
      "id": "additionalplacements:minecraft.polished_blackstone_slab",
      "required": false
    },
    {
      "id": "additionalplacements:minecraft.polished_blackstone_pressure_plate",
      "required": false
    },
    {
      "id": "additionalplacements:minecraft.oxidized_cut_copper_stairs",
      "required": false
    },
    {
      "id": "additionalplacements:minecraft.weathered_cut_copper_stairs",
      "required": false
    },
    {
      "id": "additionalplacements:minecraft.exposed_cut_copper_stairs",
      "required": false
    },
    {
      "id": "additionalplacements:minecraft.cut_copper_stairs",
      "required": false
    },
    {
      "id": "additionalplacements:minecraft.oxidized_cut_copper_slab",
      "required": false
    },
    {
      "id": "additionalplacements:minecraft.weathered_cut_copper_slab",
      "required": false
    },
    {
      "id": "additionalplacements:minecraft.exposed_cut_copper_slab",
      "required": false
    },
    {
      "id": "additionalplacements:minecraft.cut_copper_slab",
      "required": false
    },
    {
      "id": "additionalplacements:minecraft.waxed_oxidized_cut_copper_stairs",
      "required": false
    },
    {
      "id": "additionalplacements:minecraft.waxed_weathered_cut_copper_stairs",
      "required": false
    },
    {
      "id": "additionalplacements:minecraft.waxed_exposed_cut_copper_stairs",
      "required": false
    },
    {
      "id": "additionalplacements:minecraft.waxed_cut_copper_stairs",
      "required": false
    },
    {
      "id": "additionalplacements:minecraft.waxed_oxidized_cut_copper_slab",
      "required": false
    },
    {
      "id": "additionalplacements:minecraft.waxed_weathered_cut_copper_slab",
      "required": false
    },
    {
      "id": "additionalplacements:minecraft.waxed_exposed_cut_copper_slab",
      "required": false
    },
    {
      "id": "additionalplacements:minecraft.waxed_cut_copper_slab",
      "required": false
    },
    {
      "id": "additionalplacements:minecraft.cobbled_deepslate_stairs",
      "required": false
    },
    {
      "id": "additionalplacements:minecraft.cobbled_deepslate_slab",
      "required": false
    },
    {
      "id": "additionalplacements:minecraft.polished_deepslate_stairs",
      "required": false
    },
    {
      "id": "additionalplacements:minecraft.polished_deepslate_slab",
      "required": false
    },
    {
      "id": "additionalplacements:minecraft.deepslate_tile_stairs",
      "required": false
    },
    {
      "id": "additionalplacements:minecraft.deepslate_tile_slab",
      "required": false
    },
    {
      "id": "additionalplacements:minecraft.deepslate_brick_stairs",
      "required": false
    },
    {
      "id": "additionalplacements:minecraft.deepslate_brick_slab",
      "required": false
    }
  ]
}