{"stats":{"minecraft:dropped":{"minecraft:polished_diorite_slab":1,"minecraft:lead":1,"minecraft:honeycomb":1,"minecraft:mangrove_sign":2,"cable_facades:facade":1,"minecraft:grass_block":1,"minato_furniture:oak_table":1,"minecraft:wooden_axe":1,"minecraft:smooth_quartz":1,"minecraft:crimson_fence":1,"minecraft:sandstone":1,"minecraft:red_nether_bricks":1,"minato_furniture:gear":1,"pipez:wrench":1},"minecraft:custom":{"minecraft:mob_kills":3,"minecraft:interact_with_crafting_table":8,"minecraft:leave_game":19,"minecraft:time_since_death":643881,"minecraft:climb_one_cm":4855,"minecraft:time_since_rest":643940,"minecraft:sprint_one_cm":722248,"minecraft:walk_one_cm":1267488,"minecraft:drop":15,"minecraft:damage_dealt":90,"minecraft:fly_one_cm":1868292,"minecraft:crouch_one_cm":477,"minecraft:play_time":777442,"minecraft:deaths":1,"minecraft:sneak_time":2172,"minecraft:jump":2736,"minecraft:total_world_time":908278},"minecraft:killed":{"minecraft:chicken":3},"minecraft:picked_up":{"minecraft:wooden_axe":1,"minecraft:crafting_table":1,"minecraft:polished_diorite_slab":1,"minecraft:feather":2,"minecraft:chicken":3,"mcwstairs:andesite_platform":1,"minecraft:birch_planks":1,"minato_furniture:oak_table":1,"trashcans:liquid_trash_can":1,"minecraft:white_banner":2,"trashcans:energy_trash_can":1,"minato_furniture:fan_block":1,"minecraft:red_nether_bricks":2,"minecraft:red_carpet":1,"minecraft:pearlescent_froglight":1,"glass:oxidized_copper_framed_glass_block":1,"pipez:fluid_pipe":2,"immersive_paintings:graffiti":14,"mcwstairs:andesite_railing":1,"trashcans:ultimate_trash_can":1,"minecraft:smooth_quartz":2,"immersive_paintings:glow_painting":6,"immersive_paintings:painting":9,"cable_facades:facade":64,"cable_facades:facade_wrench":1,"minecraft:egg":2,"minato_furniture:gear":2,"minecraft:sandstone":1,"minato_furniture:tv":1,"minecraft:loom":2,"minecraft:ink_sac":1,"minecraft:mangrove_sign":2,"minecraft:grass_block":1,"minecraft:polished_diorite":1,"minecraft:iron_block":1,"minecraft:red_nether_brick_slab":3,"minecraft:bricks":1,"minecraft:smooth_quartz_slab":1,"minecraft:white_wool":1},"minecraft:used":{"pipez:fluid_pipe":406,"minato_furniture:spruce_chair":5,"webdisplays:linker":9,"minato_furniture:spruce_table":1,"webdisplays:keyboard":4,"minecraft:birch_planks":12,"minecraft:smooth_quartz_slab":291,"minecraft:lead":2,"minecraft:oak_planks":1,"minecraft:red_nether_bricks":24,"minecraft:polished_diorite_slab":5,"trashcans:item_trash_can":3,"minato_furniture:polished_diorite_bell":2,"minecraft:sandstone":1,"minecraft:glow_ink_sac":56,"mcwstairs:red_nether_brick_platform":3,"glass:oxidized_copper_framed_glass_door":1,"minecraft:white_wool":1,"mcwstairs:andesite_terrace_stairs":2,"trashcans:ultimate_trash_can":1,"minecraft:polished_deepslate_slab":12,"minato_furniture:fan_block":2,"minecraft:red_nether_brick_slab":75,"minecraft:crafting_table":7,"minecraft:brick_slab":22,"immersive_paintings:glow_painting":10,"minecraft:mangrove_sign":57,"minecraft:dark_oak_door":1,"minecraft:polished_diorite":54,"immersive_paintings:graffiti":163,"minecraft:light":5,"webdisplays:rctrl":1,"minecraft:honeycomb":64,"minecraft:bricks":2,"mcwstairs:andesite_balcony":41,"immersive_paintings:painting":3,"minecraft:iron_block":198,"minecraft:grass_block":20,"minecraft:chicken_spawn_egg":2,"minato_furniture:polished_granite_chair":58,"minecraft:smooth_quartz":114,"minato_furniture:dark_oak_table":2,"cable_facades:facade":462,"glass:glass_slab":3,"trashcans:liquid_trash_can":1,"mcwstairs:andesite_railing":6,"glass:oxidized_copper_framed_glass_block":17,"minato_furniture:oak_table":17,"mcwstairs:andesite_platform":4,"minecraft:white_banner":1,"minato_furniture:tv":3,"minecraft:smooth_stone_slab":78,"minecraft:white_concrete":20,"minecraft:pearlescent_froglight":31,"webdisplays:screencfg":8,"minecraft:smooth_stone":8,"webdisplays:screen":33,"trashcans:energy_trash_can":3},"minecraft:crafted":{"cable_facades:facade":8}},"DataVersion":3465}