{"stats":{"minecraft:custom":{"minecraft:interact_with_anvil":1,"minecraft:interact_with_loom":7,"minecraft:leave_game":12,"minecraft:time_since_death":1028706,"minecraft:climb_one_cm":1964,"minecraft:time_since_rest":1028706,"minecraft:sprint_one_cm":944973,"minecraft:walk_one_cm":3413095,"minecraft:drop":16,"minecraft:damage_dealt":76,"minecraft:fly_one_cm":1639844,"minecraft:crouch_one_cm":15059,"minecraft:play_time":1028706,"minecraft:sneak_time":9138,"minecraft:jump":2874,"minecraft:total_world_time":1030499},"minecraft:used":{"mcwstairs:blackstone_balcony":8,"minato_furniture:spruce_chair":15,"minato_furniture:spruce_table":68,"glass:oxidized_copper_framed_glass_pane":58,"minecraft:birch_planks":838,"minecraft:smooth_quartz_slab":1699,"minecraft:red_concrete":22,"mcwstairs:mangrove_bulk_stairs":1,"minecraft:mud_brick_slab":18,"minecraft:red_nether_bricks":2048,"minecraft:ladder":7,"minecraft:polished_diorite_slab":3,"trashcans:item_trash_can":50,"minato_furniture:polished_diorite_bell":18,"minecraft:green_banner":3,"minecraft:tinted_glass":12,"glass:weathered_copper_framed_glass_block":27,"glass:oxidized_copper_framed_glass_trapdoor":147,"minecraft:cauldron":10,"mcwstairs:quartz_bulk_stairs":155,"minecraft:quartz_stairs":12,"minecraft:glow_ink_sac":10,"minecraft:polished_blackstone_wall":1,"minato_furniture:acacia_bell":1,"glass:oxidized_copper_framed_glass_door":90,"minecraft:smooth_quartz_stairs":5,"minecraft:polished_deepslate_slab":68,"minato_furniture:cherry_chair":28,"minecraft:dragon_egg":1,"mcwstairs:andesite_terrace_stairs":18,"trashcans:ultimate_trash_can":1,"minato_furniture:fan_block":15,"minecraft:anvil":3,"minecraft:red_nether_brick_slab":663,"glass:glass_wall":205,"minecraft:oak_slab":1,"minecraft:loom":5,"mcwstairs:blackstone_terrace_stairs":1,"immersive_paintings:glow_painting":150,"minecraft:painting":11,"minecraft:mangrove_sign":11,"mcwstairs:blackstone_railing":10,"glass:glass_trapdoor":6,"minecraft:dark_oak_door":7,"minato_furniture:dark_oak_vertical_bookshelf":10,"minecraft:polished_diorite":4841,"immersive_paintings:graffiti":2,"minecraft:deepslate_tile_wall":3,"minecraft:birch_door":84,"minecraft:polished_blackstone_slab":4,"minato_furniture:high_heat_oven":1,"minecraft:sea_lantern":6,"minecraft:bricks":3644,"mcwstairs:red_nether_brick_skyline_stairs":52,"mcwstairs:mangrove_terrace_stairs":1,"mcwstairs:andesite_balcony":46,"immersive_paintings:painting":48,"glass:blue_stained_glass_trapdoor":6,"minato_furniture:jungle_chair":1,"minecraft:birch_slab":148,"minecraft:iron_block":3711,"minecraft:grass_block":3,"minecraft:stone_button":2,"minato_furniture:polished_andesite_bell":1,"minato_furniture:shower_head":1,"minecraft:verdant_froglight":63,"mcwstairs:quartz_compact_stairs":3,"minato_furniture:toilet":21,"minato_furniture:polished_granite_chair":395,"minato_furniture:dark_oak_table":2,"minato_furniture:dark_oak_chair":7,"minecraft:smooth_quartz":4911,"mcwstairs:red_nether_brick_bulk_stairs":2,"mcwstairs:andesite_loft_stairs":4,"minecraft:polished_andesite_slab":6,"mcwstairs:nether_brick_skyline_stairs":13,"mcwstairs:red_nether_brick_railing":14,"enhancedgreenboyfurnituremod:woodenchair":11,"glass:oxidized_copper_framed_glass_block":1649,"minecraft:red_carpet":14,"mcwstairs:red_nether_brick_compact_stairs":2,"glass:horizontal_white_stained_glass_pane":7,"minecraft:birch_trapdoor":14,"mcwstairs:nether_brick_platform":2,"glass:weathered_copper_framed_glass_door":6,"trashcans:liquid_trash_can":1,"mcwstairs:andesite_railing":14,"mcwstairs:crimson_balcony":57,"minato_furniture:oak_table":128,"glass:light_blue_stained_glass_trapdoor":2,"mcwstairs:andesite_platform":8,"minecraft:white_banner":175,"mcwstairs:birch_loft_stairs":22,"mcwstairs:blackstone_platform":8,"minecraft:dark_oak_fence":14,"minecraft:mangrove_slab":7,"minecraft:smooth_stone_slab":21,"minato_furniture:tv":21,"mcwstairs:sandstone_compact_stairs":19,"minecraft:pearlescent_froglight":348,"minecraft:smooth_stone":876,"trashcans:energy_trash_can":6},"minecraft:dropped":{"minato_furniture:shower_head":1,"immersive_paintings:painting":1,"mcwstairs:andesite_terrace_stairs":1,"minecraft:red_nether_brick_slab":2,"minecraft:grass_block":1,"glass:glass_wall":1,"minecraft:smooth_quartz":2,"minecraft:painting":1,"minecraft:white_banner":2,"minecraft:red_nether_bricks":2,"minecraft:smooth_stone":1,"minato_furniture:tv":1},"minecraft:picked_up":{"minecraft:birch_door":1,"mcwstairs:andesite_terrace_stairs":1,"minecraft:white_banner":3,"minecraft:red_nether_bricks":2,"minecraft:smooth_stone":1,"minecraft:smooth_quartz":2,"immersive_paintings:glow_painting":13,"immersive_paintings:painting":10,"minecraft:mangrove_sign":1,"minato_furniture:shower_head":1,"minecraft:grass_block":1,"minato_furniture:tv":1,"minecraft:dragon_egg":1,"minecraft:painting":1,"minecraft:red_nether_brick_slab":2}},"DataVersion":3465}