{"stats":{"minecraft:custom":{"minecraft:time_since_rest":22882,"minecraft:sprint_one_cm":134661,"minecraft:walk_one_cm":258363,"minecraft:mob_kills":2,"minecraft:damage_dealt":190,"minecraft:interact_with_crafting_table":3,"minecraft:fly_one_cm":357043,"minecraft:crouch_one_cm":547,"minecraft:play_time":92340,"minecraft:deaths":1,"minecraft:sneak_time":78,"minecraft:jump":331,"minecraft:leave_game":4,"minecraft:time_since_death":22817,"minecraft:total_world_time":92340,"minecraft:climb_one_cm":32},"minecraft:picked_up":{"minecraft:feather":109,"minecraft:chicken":101,"minecraft:lead":1,"pipez:wrench":1,"minecraft:crimson_fence":1,"minecraft:mutton":4,"cable_facades:facade":1,"minecraft:white_wool":2,"minecraft:egg":2},"minecraft:killed":{"minecraft:sheep":2},"minecraft:crafted":{"cable_facades:facade":1},"minecraft:used":{"minecraft:birch_fence":28,"minecraft:redstone_torch":1,"minecraft:trident":23,"minecraft:light":1,"minecraft:bricks":4,"minecraft:crimson_fence":22,"mcwstairs:cobbled_deepslate_railing":3,"minecraft:smooth_quartz_slab":18,"minecraft:lantern":2,"minecraft:grass_block":245,"minecraft:lead":3,"minecraft:red_nether_bricks":1,"minecraft:chicken_spawn_egg":220,"minato_furniture:polished_diorite_bell":5,"minecraft:stone_slab":6,"minecraft:smooth_quartz":14,"minecraft:bell":1,"cable_facades:facade":15,"minecraft:red_nether_brick_slab":12,"minecraft:crafting_table":4,"minecraft:oak_sapling":33,"minecraft:goat_horn":10,"minecraft:brick_slab":13,"immersive_paintings:glow_painting":1,"minecraft:deepslate_brick_slab":2,"minecraft:egg":3,"minecraft:allay_spawn_egg":1,"minecraft:bone_meal":135}},"DataVersion":3465}