{
  "replace": false,
  "values": [
    {
      "id": "additionalplacements:minecraft.oak_pressure_plate",
      "required": false
    },
    {
      "id": "additionalplacements:minecraft.spruce_pressure_plate",
      "required": false
    },
    {
      "id": "additionalplacements:minecraft.birch_pressure_plate",
      "required": false
    },
    {
      "id": "additionalplacements:minecraft.jungle_pressure_plate",
      "required": false
    },
    {
      "id": "additionalplacements:minecraft.acacia_pressure_plate",
      "required": false
    },
    {
      "id": "additionalplacements:minecraft.cherry_pressure_plate",
      "required": false
    },
    {
      "id": "additionalplacements:minecraft.dark_oak_pressure_plate",
      "required": false
    },
    {
      "id": "additionalplacements:minecraft.mangrove_pressure_plate",
      "required": false
    },
    {
      "id": "additionalplacements:minecraft.bamboo_pressure_plate",
      "required": false
    },
    {
      "id": "additionalplacements:minecraft.crimson_pressure_plate",
      "required": false
    },
    {
      "id": "additionalplacements:minecraft.warped_pressure_plate",
      "required": false
    }
  ]
}