{
  "replace": false,
  "values": [
    {
      "id": "additionalplacements:minecraft.oak_slab",
      "required": false
    },
    {
      "id": "additionalplacements:minecraft.spruce_slab",
      "required": false
    },
    {
      "id": "additionalplacements:minecraft.birch_slab",
      "required": false
    },
    {
      "id": "additionalplacements:minecraft.jungle_slab",
      "required": false
    },
    {
      "id": "additionalplacements:minecraft.acacia_slab",
      "required": false
    },
    {
      "id": "additionalplacements:minecraft.cherry_slab",
      "required": false
    },
    {
      "id": "additionalplacements:minecraft.dark_oak_slab",
      "required": false
    },
    {
      "id": "additionalplacements:minecraft.mangrove_slab",
      "required": false
    },
    {
      "id": "additionalplacements:minecraft.bamboo_slab",
      "required": false
    },
    {
      "id": "additionalplacements:minecraft.crimson_slab",
      "required": false
    },
    {
      "id": "additionalplacements:minecraft.warped_slab",
      "required": false
    }
  ]
}