{
  "replace": false,
  "values": [
    {
      "id": "additionalplacements:minecraft.oak_stairs",
      "required": false
    },
    {
      "id": "additionalplacements:minecraft.spruce_stairs",
      "required": false
    },
    {
      "id": "additionalplacements:minecraft.birch_stairs",
      "required": false
    },
    {
      "id": "additionalplacements:minecraft.jungle_stairs",
      "required": false
    },
    {
      "id": "additionalplacements:minecraft.acacia_stairs",
      "required": false
    },
    {
      "id": "additionalplacements:minecraft.cherry_stairs",
      "required": false
    },
    {
      "id": "additionalplacements:minecraft.dark_oak_stairs",
      "required": false
    },
    {
      "id": "additionalplacements:minecraft.mangrove_stairs",
      "required": false
    },
    {
      "id": "additionalplacements:minecraft.bamboo_stairs",
      "required": false
    },
    {
      "id": "additionalplacements:minecraft.crimson_stairs",
      "required": false
    },
    {
      "id": "additionalplacements:minecraft.warped_stairs",
      "required": false
    }
  ]
}